"","title","hit","url_value"
"1","코로나따윈 주말을 이기지 못하나봅니다.","597.9 k","https://www.clien.net/service/board/park/14740050?od=T31&po=0&category=&groupCd=community"
"2","가불가 갑은 이거죠.jpg","76","https://www.clien.net/service/board/park/14740047?od=T31&po=0&category=&groupCd=community"
"3","맥 프로 2013의 쿨링구조(?).jpg","342","https://www.clien.net/service/board/park/14740046?od=T31&po=0&category=&groupCd=community"
"4","'꼬리내린' 공병호 연신 '죄송'..'앞으로 입 닫겠다'","277","https://www.clien.net/service/board/park/14740045?od=T31&po=0&category=&groupCd=community"
"5","오늘 날씨 정말 따뜻하네요.","478","https://www.clien.net/service/board/park/14740044?od=T31&po=0&category=&groupCd=community"
"6","rx5700xt 후기..(와우클래식)","66","https://www.clien.net/service/board/park/14740042?od=T31&po=0&category=&groupCd=community"
"7","장차관 급여 삭감은","204","https://www.clien.net/service/board/park/14740040?od=T31&po=0&category=&groupCd=community"
"8","6살 때 놀이터 갔다 실종된 딸 31년 만에 어머니 상봉","331","https://www.clien.net/service/board/park/14740037?od=T31&po=0&category=&groupCd=community"
"9","6살 때 놀이터 갔다 실종된 딸 31년 만에 어머니 상봉","743","https://www.clien.net/service/board/park/14740036?od=T31&po=0&category=&groupCd=community"
"10","대학교도 교가가 있나요?.jpg","271","https://www.clien.net/service/board/park/14740035?od=T31&po=0&category=&groupCd=community"
"11","대한미국놈 근황.jpg","669","https://www.clien.net/service/board/park/14740034?od=T31&po=0&category=&groupCd=community"
"12","네이버 정치 댓글 쓰는 연령층이 바뀌었습니다.","1153","https://www.clien.net/service/board/park/14740033?od=T31&po=0&category=&groupCd=community"
"13","코로나 바이러스에 대한 중공 선전 전술","422","https://www.clien.net/service/board/park/14740031?od=T31&po=0&category=&groupCd=community"
"14","日올림픽조직위 '日 올림픽 연기, 결정할 단계 아냐'","299","https://www.clien.net/service/board/park/14740030?od=T31&po=0&category=&groupCd=community"
"15","가불가 갈리는 짤.gif","724","https://www.clien.net/service/board/park/14740029?od=T31&po=0&category=&groupCd=community"
"16","사진 공적 마스크 맞나요? 제조사 정보가 없습니다","1317","https://www.clien.net/service/board/kin/14740028?od=T31&po=0&category=&groupCd=community"
"17","역대 총선 정의당의 역활","83","https://www.clien.net/service/board/park/14740024?od=T31&po=0&category=&groupCd=community"
"18","종교 의례를 하는 스님","843","https://www.clien.net/service/board/park/14740023?od=T31&po=0&category=&groupCd=community"
"19","저도 우리 딸이 그려준 이태원클라스 박새로~이서","970","https://www.clien.net/service/board/image/14740022?od=T31&po=0&category=&groupCd=community"
"20","동숲에서 발견한 모공인","79","https://www.clien.net/service/board/park/14740021?od=T31&po=0&category=&groupCd=community"
"21","코로나 대응에 따라 차후 대선 레이스에 새인물 급부상 할 것 같아요","1207","https://www.clien.net/service/board/park/14740018?od=T31&po=0&category=&groupCd=community"
"22","광화문이 클린~ 하네요","475","https://www.clien.net/service/board/park/14740016?od=T31&po=0&category=&groupCd=community"
"23","세르비아 대통령, 눈물을 흘리면서... '중국만이 우리를 도와줄 수 있다'","992","https://www.clien.net/service/board/park/14740015?od=T31&po=0&category=&groupCd=community"
"24","'내 제자 사망은 국가 책임'..대구 17세 숨진 학생 가르친 강사 청와대 '청원'.gisa","1627","https://www.clien.net/service/board/park/14740014?od=T31&po=0&category=&groupCd=community"
"25","넬리스 기지 코로나 확진자 발생, 레드 플래그 훈련과 RIAT 에어쇼 취소.news","1887","https://www.clien.net/service/board/park/14740013?od=T31&po=0&category=&groupCd=community"
"26","화물차 끌고 맥주사러 가야겠네요 ㄷㄷㄷㄷ","372","https://www.clien.net/service/board/park/14740012?od=T31&po=0&category=&groupCd=community"
"27","항균장갑도 있군요..","1274","https://www.clien.net/service/board/park/14740010?od=T31&po=0&category=&groupCd=community"
"28","둠물의숲 이터널 그래픽카드 성능 벤치마크","855","https://www.clien.net/service/board/park/14740008?od=T31&po=0&category=&groupCd=community"
"29","[코로노=집콕한탄] 오늘 날씨가 봄 같아요..자전거 타시는 분들도 많고..","1221","https://www.clien.net/service/board/park/14740007?od=T31&po=0&category=&groupCd=community"
"30","모르는 번호가 무조건 부재중으로 뜨길래....","318","https://www.clien.net/service/board/park/14740006?od=T31&po=0&category=&groupCd=community"
"31","코로나따윈 주말을 이기지 못하나봅니다.","1191","https://www.clien.net/service/board/park/14740050?od=T31&po=0&category=&groupCd=community"
